threads_per_block,tflops_per_sec
32,0.62523
64,1.66292
96,2.55075
128,3.41296
160,3.93856
192,5.7428
224,6.82434
256,7.69396
288,8.27253
320,8.96099
352,9.7934
384,10.506
416,10.0641
448,10.8796
480,11.5538
512,11.6908
544,10.8227
576,11.0617
608,11.8685
640,12.4089
672,11.0843
704,11.6292
736,12.2418
768,12.2446
800,11.34
832,12.0081
864,12.1568
896,12.763
928,12.0192
960,11.9603
992,12.5414
1024,12.761
