num_blocks,tflops_per_sec
36,0.950065
72,3.31077
108,4.39362
144,5.80337
180,6.75241
216,8.03094
252,8.02105
288,9.2785
324,7.70827
360,8.63459
396,8.94051
432,9.56663
468,9.34286
504,9.97638
540,9.34531
576,9.97224
612,9.56839
648,9.40812
684,11.0659
720,12.1199
756,11.7481
792,12.2952
828,11.8384
864,11.9495
900,11.975
936,12.0748
972,12.0652
1008,12.4275
1044,12.1485
1080,12.3342
1116,12.2066
1152,12.5434
