num_iterations,tflops_per_sec
20,1.38427
40,3.35121
60,4.52352
80,5.79374
100,6.51721
120,7.03565
140,7.86871
160,8.4317
180,6.40661
200,8.92857
300,7.88478
400,7.3616
500,7.7505
600,9.06673
700,8.54492
800,8.65651
900,9.18068
1000,9.04486
1200,9.39614
1400,9.50157
1600,9.70026
1800,9.91976
2000,9.89864
2200,9.9862
2400,9.93114
2600,10.1177
2800,10.0894
3000,10.208
