num_nodes,device_bandwidth_gbps
32768,107.191
65536,189.311
131072,240.727
262144,275.221
524288,293.246
1.04858e+06,58.8879
2.09715e+06,34.6728
4.1943e+06,28.1618
