num_nodes,device_bandwidth_gbps
32768,104.055
65536,189.709
131072,241.156
262144,260.565
524288,295.046
1.04858e+06,58.8935
2.09715e+06,34.6751
4.1943e+06,28.1579
